empresa,sector,web,email,telefono,fuente
X (formerly Twitter),Construcción,https://x.com/?logout=1720427550518,,,https://seopan.es/
LinkedIn,Construcción,https://www.linkedin.com,,,https://seopan.es/
Línea de Rehabilitación FAEC,Construcción,https://lineaderehabilitacionfaec.com/,,,https://directoriofaec.com/
Federación de Agrupaciones de Empresarios de la Construcción de Cádiz (FAEC),Construcción,https://es.linkedin.com/company/federaci-n-provincial-de-agrupaciones-de-empresarios-de-la-construcci-n-de-c-diz-faec-,,,https://directoriofaec.com/
TEC24,Construcción,https://tec24.es/,contacto@tec24.es,+34856940190,https://directoriofaec.com/
Linkedin,Construcción,https://www.linkedin.com/company/10325348?trk=tyah&trkInfo=clickedVertical%3Acompany%2CclickedEntityId%3A10325348%2Cidx%3A1-1-1%2CtarId%3A1452609339814%2Ctas%3Aespacio%20bim,,,https://www.espaciobim.com/constructoras
Antes de ir a YouTube,Construcción,https://www.youtube.com/channel/UCatyRyZSRVHW4ziBSHEpk5g,,,https://www.espaciobim.com/constructoras
"Inicio de sesiÃ³n en LinkedIn, Iniciar sesiÃ³n",Construcción,http://www.linkedin.com/shareArticle?mini=true&url=https%3A%2F%2Fwww.espaciobim.com%2Fconstructoras&title=Constructoras%20%28Listado%20completo%29,,,https://www.espaciobim.com/constructoras
Abaco CR,Construcción,https://abacocr.com/,info@abacocr.com,34)981171,https://www.espaciobim.com/constructoras
Acodar Constructores,Construcción,https://www.acodar.com,info@acodar.com,+34981645140,https://www.espaciobim.com/constructoras
ANLLAR MANTENIMIENTO Y CONSTRUCCIONES,Construcción,http://anllarconstrucciones.com/,,,https://www.espaciobim.com/constructoras
Ápice Arquitectura,Construcción,https://apice.es/,info@apice.es,881924773,https://www.espaciobim.com/constructoras
Area Grande Soluciones,Construcción,https://areasoluciones.com/,info@areasoluciones.com,+34881968369,https://www.espaciobim.com/constructoras
ariasinfraestructuras.com,Construcción,http://www.ariasinfraestructuras.com/,,,https://www.espaciobim.com/constructoras
Ático,Construcción,http://www.aticoruna.com/,eva@aticoruna.com,+34981213196,https://www.espaciobim.com/constructoras
BAUMA Arquitectura y Construcción,Construcción,http://www.bau-ma.net/,,+34679904068,https://www.espaciobim.com/constructoras
Canarga Construcciones,Construcción,http://canarga.com/,canarga@canarga.com,981256242,https://www.espaciobim.com/constructoras
Infoconstruccion - DPArquitectura | LinkedIn,Construcción,https://es.linkedin.com/showcase/infoconstruccion-dparquitectura/,,,https://www.infoconstruccion.es/empresas
Flickr,Construcción,https://www.flickr.com/people/infoedita/,,,https://www.infoconstruccion.es/empresas
Issuu,Construcción,https://issuu.com/infoedita,,,https://www.infoconstruccion.es/empresas
Eventos del sector de la Construcción,Construcción,https://eventos.infoconstruccion.es/,infoconstruccion@infoedita.es,911255700,https://www.infoconstruccion.es/empresas
Revista InfoConstrucción,Construcción,http://www.infoedita.es/revista-infoconstruccion,info@infoedita.es,911255700,https://www.infoconstruccion.es/empresas
Suscripcion a la revista infoconstrucción,Construcción,http://www.infoedita.es/suscripcion-revista-infoconstruccion,info@infoedita.es,911255700,https://www.infoconstruccion.es/empresas
Soluciones de comunicación Profesional,Construcción,http://www.infoedita.es/,info@infoedita.es,911255700,https://www.infoconstruccion.es/empresas
Quiénes somos,Construcción,http://www.infoedita.es/quienes-somos,info@infoedita.es,911255700,https://www.infoconstruccion.es/empresas
Infoedita,Construcción,https://www.infoedita.es/archivos/mediakits,,,https://www.infoconstruccion.es/empresas
Política de Privacidad,Construcción,https://policies.google.com/privacy,,,https://www.infoconstruccion.es/empresas
Términos del Servicio de Google,Construcción,https://policies.google.com/terms,account-withdrawal@google.com,0800001180,https://www.infoconstruccion.es/empresas
Dominios Disponibles,Construcción,https://www.mis.com.es/,entramos@gmail.com,,https://www.constructoras.com.es/
Entramos.com Guía de Profesionales,Construcción,https://entramos.com/,,,https://www.constructoras.com.es/
ConWize,Construcción,https://app.conwize.io/login?lang=es,support@conwize.io,+13154966809,https://conwize.io/directory/es/es
ConWize,Construcción,https://app.conwize.io/signup?lang=es,,,https://conwize.io/directory/es/es
ConWize | LinkedIn,Construcción,https://il.linkedin.com/company/conwize,,,https://conwize.io/directory/es/es
Antes de ir a YouTube,Construcción,https://www.youtube.com/channel/UC1YtcAlouxoDXpxDErLHtLg,,,https://conwize.io/directory/es/es
Información de Empresas Españolas,Construcción,https://www.einforma.com,clientes@einforma.com,,https://empresite.eleconomista.es/Actividad/CONSTRUCTORAS/
Información de Empresas Españolas,Construcción,https://www.einforma.com/,clientes@einforma.com,,https://ranking-empresas.eleconomista.es/sector-4299.html
AppÂ Store,Construcción,https://apps.apple.com/es/app/europages-plataforma-b2b/id6459474480,administrator@visable.com,+4915153146642,https://www.europages.es/empresas/espa%C3%B1a/obra%20civil.html
europages plataforma B2B - Aplicaciones en Google Play,Construcción,https://play.google.com/store/apps/details?id=com.visable.ep&hl=es,ep-app@visable.com,+491622000709,https://www.europages.es/empresas/espa%C3%B1a/obra%20civil.html
Centro de ayuda para compradores,Construcción,https://help.europages.com/es/purchaser,,,https://www.europages.es/empresas/espa%C3%B1a/obra%20civil.html
Visable: your B2B specialist for online visibility | Visable,Construcción,https://www.visable.com/en_int/online-marketing,customercare@europages.com,,https://www.europages.es/empresas/espa%C3%B1a/obra%20civil.html
Help Center for Suppliers,Construcción,https://help.europages.com/en/supplier,,,https://www.europages.es/empresas/espa%C3%B1a/obra%20civil.html
Visable: your B2B specialist for online visibility | Visable,Construcción,https://www.visable.com/en_int/about-us/press,press@visable.com,,https://www.europages.es/empresas/espa%C3%B1a/obra%20civil.html
Visable: your B2B specialist for online visibility | Visable,Construcción,https://www.visable.com/en_int/contact-us,customercare@europages.com,,https://www.europages.es/empresas/espa%C3%B1a/obra%20civil.html
Visable: your B2B specialist for online visibility | Visable,Construcción,https://www.visable.com/en_int/career,admin.rh@visable.com,,https://www.europages.es/empresas/espa%C3%B1a/obra%20civil.html
Visable: your B2B specialist for online visibility | Visable,Construcción,https://www.visable.com/en_int/about-us,,,https://www.europages.es/empresas/espa%C3%B1a/obra%20civil.html
BME,Construcción,https://www.bme.de/services/siegel/anbietersuche-europages,theresa.frey@visable.com,,https://www.europages.es/empresas/espa%C3%B1a/obra%20civil.html
Linkedin,Construcción,https://www.linkedin.com/company/europages,,,https://www.europages.es/empresas/espa%C3%B1a/obra%20civil.html
Antes de ir a YouTube,Construcción,https://www.youtube.com/user/europagesvideo,,,https://www.europages.es/empresas/espa%C3%B1a/obra%20civil.html
X (formerly Twitter),Construcción,https://x.com/europages,,,https://www.europages.es/empresas/espa%C3%B1a/obra%20civil.html
Inside Business: The B2B blog from europages,Construcción,https://www.europages.co.uk/company/legal-notice/privacy-notice,customercare@europages.com,,https://www.europages.es/empresas/espa%C3%B1a/obra%20civil.html
Only Media Web,Construcción,https://www.onlymediaweb.com/es/gestion_de_medios/,admin@onlymediaweb.com,,https://www.construmatica.com/empresas
Inicio,Construcción,http://www.grupointercom.com/,,,https://www.construmatica.com/empresas
LinkedIn,Construcción,https://www.linkedin.com/,,,https://seopan.es/
